{"cameraMode":{"drawMode":0,"name":"Shaded","section":"Shading Mode"},"sceneLighting":true,"audioPlay":false,"sceneViewState":{"m_AlwaysRefresh":false,"showFog":true,"showSkybox":true,"showFlares":true,"showImageEffects":true,"showParticleSystems":true,"showVisualEffectGraphs":true,"m_FxEnabled":true},"in2DMode":false,"pivot":{"x":-1.8449620008468629,"y":2.739213228225708,"z":1.6224071979522706},"rotation":{"x":0.03927606716752052,"y":0.034462351351976398,"z":-0.0013556695776060224,"w":0.9986379146575928},"size":3.3896353244781496,"orthographic":true}